ID_hecho,FECHA,AAAA,MM,DD,ROL,VICTIMA,SEXO,EDAD,FECHA_FALLECIMIENTO
2016-0001,1/1/2016,2016,1,1,CONDUCTOR,MOTO,MASCULINO,19,1/1/2016
2016-0002,1/2/2016,2016,1,2,CONDUCTOR,AUTO,MASCULINO,70,1/2/2016
2016-0003,1/3/2016,2016,1,3,CONDUCTOR,MOTO,MASCULINO,30,1/3/2016
2016-0004,1/10/2016,2016,1,10,CONDUCTOR,MOTO,MASCULINO,18,SD
2016-0005,1/21/2016,2016,1,21,CONDUCTOR,MOTO,MASCULINO,29,2/1/2016
2016-0008,1/24/2016,2016,1,24,CONDUCTOR,MOTO,MASCULINO,30,1/24/2016
2016-0009,1/24/2016,2016,1,24,PASAJERO_ACOMPAÑANTE,MOTO,MASCULINO,29,1/26/2016
2016-0010,1/29/2016,2016,1,29,CONDUCTOR,MOTO,MASCULINO,18,1/29/2016
2016-0012,2/8/2016,2016,2,8,CONDUCTOR,MOTO,MASCULINO,22,2/8/2016
2016-0013,2/10/2016,2016,2,10,PEATON,PEATON,MASCULINO,16,2/10/2016
2016-0015,2/14/2016,2016,2,14,PEATON,PEATON,FEMENINO,16,2/14/2016
2016-0016,2/14/2016,2016,2,14,PASAJERO_ACOMPAÑANTE,MOTO,FEMENINO,19,2/14/2016
2016-0017,2/15/2016,2016,2,15,PEATON,PEATON,MASCULINO,59,2/16/2016
2016-0019,2/17/2016,2016,2,17,PEATON,PEATON,FEMENINO,65,2/17/2016
2016-0020,2/17/2016,2016,2,17,PEATON,PEATON,MASCULINO,59,3/2/2016
2016-0021,2/17/2016,2016,2,17,CONDUCTOR,AUTO,MASCULINO,34,2/17/2016
2016-0022,2/21/2016,2016,2,21,PASAJERO_ACOMPAÑANTE,MOTO,MASCULINO,41,SD
2016-0025,2/28/2016,2016,2,28,PASAJERO_ACOMPAÑANTE,AUTO,MASCULINO,34,2/28/2016
2016-0026,2/28/2016,2016,2,28,CONDUCTOR,AUTO,MASCULINO,30,3/4/2016
2016-0027,2/28/2016,2016,2,28,PASAJERO_ACOMPAÑANTE,AUTO,MASCULINO,34,SD
2016-0028,3/2/2016,2016,3,2,PEATON,PEATON,MASCULINO,50,3/2/2016
2016-0029,3/4/2016,2016,3,4,PEATON,PEATON,MASCULINO,38,3/4/2016
2016-0031,3/8/2016,2016,3,8,CONDUCTOR,MOTO,MASCULINO,21,SD
2016-0034,3/12/2016,2016,3,12,PEATON,PEATON,MASCULINO,52,3/12/2016
2016-0035,3/13/2016,2016,3,13,CONDUCTOR,MOTO,MASCULINO,34,3/13/2016
2016-0036,3/14/2016,2016,3,14,PASAJERO_ACOMPAÑANTE,MOTO,MASCULINO,36,3/14/2016
2016-0037,3/19/2016,2016,3,19,CONDUCTOR,MOTO,MASCULINO,20,3/19/2016
2016-0038,3/21/2016,2016,3,21,PEATON,PEATON,MASCULINO,29,3/21/2016
2016-0039,3/23/2016,2016,3,23,CONDUCTOR,MOTO,MASCULINO,20,3/23/2016
2016-0041,3/29/2016,2016,3,29,CONDUCTOR,MOTO,MASCULINO,54,3/29/2016
2016-0041,3/29/2016,2016,3,29,PASAJERO_ACOMPAÑANTE,MOTO,MASCULINO,SD,3/30/2016
2016-0043,3/30/2016,2016,3,30,PEATON,PEATON,FEMENINO,56,3/30/2016
2016-0044,3/31/2016,2016,3,31,CONDUCTOR,MOTO,MASCULINO,24,3/31/2016
2016-0045,4/11/2016,2016,4,11,CONDUCTOR,MOTO,MASCULINO,SD,SD
2016-0047,4/15/2016,2016,4,15,PEATON,PEATON,MASCULINO,41,4/15/2016
2016-0048,4/15/2016,2016,4,15,PEATON,PEATON,FEMENINO,SD,SD
2016-0049,4/17/2016,2016,4,17,SD,SD,SD,SD,SD
2016-0050,4/19/2016,2016,4,19,PEATON,PEATON,MASCULINO,78,4/19/2016
2016-0051,4/20/2016,2016,4,20,CONDUCTOR,MOTO,MASCULINO,36,4/20/2016
2016-0052,4/20/2016,2016,4,20,SD,MOTO,SD,SD,SD
2016-0053,4/22/2016,2016,4,22,PEATON,PEATON,MASCULINO,38,4/22/2016
2016-0054,4/23/2016,2016,4,23,CONDUCTOR,MOTO,MASCULINO,30,4/25/2016
2016-0055,4/25/2016,2016,4,25,PEATON,PEATON,MASCULINO,79,4/28/2016
2016-0056,4/26/2016,2016,4,26,CONDUCTOR,MOTO,MASCULINO,26,4/26/2016
2016-0058,5/4/2016,2016,5,4,PEATON,PEATON,FEMENINO,57,5/8/2016
2016-0059,5/8/2016,2016,5,8,PEATON,PEATON,MASCULINO,37,5/26/2016
2016-0064,5/14/2016,2016,5,14,PEATON,PEATON,MASCULINO,20,SD
2016-0065,5/20/2016,2016,5,20,PEATON,PEATON,MASCULINO,20,5/20/2016
2016-0067,5/21/2016,2016,5,21,PASAJERO_ACOMPAÑANTE,MOTO,FEMENINO,30,SD
2016-0068,5/22/2016,2016,5,22,CONDUCTOR,MOTO,MASCULINO,58,SD
2016-0069,5/23/2016,2016,5,23,CONDUCTOR,AUTO,MASCULINO,30,5/23/2016
2016-0073,6/11/2016,2016,6,11,CONDUCTOR,MOTO,MASCULINO,23,SD
2016-0074,6/12/2016,2016,6,12,CONDUCTOR,AUTO,MASCULINO,60,SD
2016-0075,6/12/2016,2016,6,12,PEATON,PEATON,MASCULINO,42,6/12/2016
2016-0076,6/13/2016,2016,6,13,PEATON,PEATON,FEMENINO,53,6/13/2016
2016-0077,6/13/2016,2016,6,13,PEATON,PEATON,FEMENINO,SD,SD
2016-0078,6/13/2016,2016,6,13,CONDUCTOR,MOTO,MASCULINO,30,SD
2016-0079,6/16/2016,2016,6,16,CONDUCTOR,AUTO,FEMENINO,51,SD
2016-0080,6/18/2016,2016,6,18,CONDUCTOR,AUTO,MASCULINO,60,SD
2016-0081,6/22/2016,2016,6,22,CONDUCTOR,MOTO,MASCULINO,40,SD
2016-0082,6/27/2016,2016,6,27,PEATON,PEATON,MASCULINO,87,7/5/2016
2016-0083,6/28/2016,2016,6,28,PEATON,PEATON,FEMENINO,76,6/29/2016
2016-0084,6/29/2016,2016,6,29,PEATON,PEATON,MASCULINO,57,7/8/2016
2016-0085,6/29/2016,2016,6,29,SD,MOTO,MASCULINO,SD,SD
2016-0086,6/30/2016,2016,6,30,PEATON,PEATON,MASCULINO,75,7/1/2016
2016-0087,7/3/2016,2016,7,3,CONDUCTOR,MOTO,MASCULINO,23,7/3/2016
2016-0088,7/11/2016,2016,7,11,PEATON,PEATON,FEMENINO,70,7/14/2016
2016-0089,7/14/2016,2016,7,14,PEATON,PEATON,MASCULINO,35,7/14/2016
2016-0090,7/14/2016,2016,7,14,PEATON,PEATON,MASCULINO,60,7/15/2016
2016-0092,7/15/2016,2016,7,15,CONDUCTOR,MOTO,MASCULINO,24,7/15/2016
2016-0093,7/17/2016,2016,7,17,CONDUCTOR,AUTO,MASCULINO,35,7/19/2016
2016-0095,7/23/2016,2016,7,23,CONDUCTOR,MOTO,MASCULINO,29,7/23/2016
2016-0096,7/25/2016,2016,7,25,CONDUCTOR,MOTO,MASCULINO,SD,SD
2016-0097,7/26/2016,2016,7,26,PEATON,PEATON,MASCULINO,80,8/12/2016
2016-0098,7/27/2016,2016,7,27,CONDUCTOR,MOTO,FEMENINO,43,SD
2016-0099,7/29/2016,2016,7,29,CONDUCTOR,CARGAS,MASCULINO,45,SD
2016-0100,8/3/2016,2016,8,3,CONDUCTOR,MOTO,MASCULINO,57,8/3/2016
2016-0101,8/7/2016,2016,8,7,SD,SD,MASCULINO,67,SD
2016-0102,8/10/2016,2016,8,10,CONDUCTOR,MOTO,MASCULINO,29,SD
2016-0104,8/14/2016,2016,8,14,CONDUCTOR,MOTO,MASCULINO,21,8/15/2016
2016-0105,8/17/2016,2016,8,17,PEATON,PEATON,MASCULINO,19,8/26/2016
2016-0106,8/19/2016,2016,8,19,PEATON,PEATON,MASCULINO,38,SD
2016-0107,8/20/2016,2016,8,20,CONDUCTOR,MOTO,MASCULINO,21,SD
2016-0109,8/24/2016,2016,8,24,CONDUCTOR,AUTO,FEMENINO,53,8/24/2016
2016-0110,8/24/2016,2016,8,24,PEATON,PEATON,MASCULINO,57,SD
2016-0111,8/25/2016,2016,8,25,CONDUCTOR,MOTO,MASCULINO,27,8/25/2016
2016-0112,8/27/2016,2016,8,27,CONDUCTOR,MOTO,MASCULINO,24,8/27/2016
2016-0113,8/27/2016,2016,8,27,PEATON,PEATON,FEMENINO,60,SD
2016-0114,8/31/2016,2016,8,31,CICLISTA,BICICLETA,FEMENINO,55,8/31/2016
2016-0115,9/2/2016,2016,9,2,SD,SD,MASCULINO,SD,SD
2016-0116,9/2/2016,2016,9,2,CONDUCTOR,MOTO,MASCULINO,30,9/2/2016
2016-0117,9/3/2016,2016,9,3,CONDUCTOR,AUTO,MASCULINO,43,SD
2016-0118,9/4/2016,2016,9,4,CONDUCTOR,AUTO,MASCULINO,27,9/4/2016
2016-0119,9/4/2016,2016,9,4,PASAJERO_ACOMPAÑANTE,SD,FEMENINO,SD,SD
2016-0122,9/13/2016,2016,9,13,CICLISTA,BICICLETA,MASCULINO,49,9/13/2016
2016-0123,9/14/2016,2016,9,14,CONDUCTOR,MOTO,FEMENINO,58,SD
2016-0124,9/16/2016,2016,9,16,PEATON,PEATON,MASCULINO,67,SD
2016-0125,9/17/2016,2016,9,17,CONDUCTOR,MOTO,MASCULINO,30,SD
2016-0126,9/18/2016,2016,9,18,CONDUCTOR,AUTO,MASCULINO,37,SD
2016-0126,9/18/2016,2016,9,18,PASAJERO_ACOMPAÑANTE,AUTO,MASCULINO,60,SD
2016-0127,9/24/2016,2016,9,24,PEATON,PEATON,MASCULINO,50,SD
2016-0128,10/2/2016,2016,10,2,PEATON,PEATON,FEMENINO,81,10/2/2016
2016-0130,10/4/2016,2016,10,4,CONDUCTOR,MOTO,MASCULINO,29,10/4/2016
2016-0131,10/9/2016,2016,10,9,PEATON,PEATON,MASCULINO,35,SD
2016-0132,10/10/2016,2016,10,10,PASAJERO_ACOMPAÑANTE,AUTO,MASCULINO,30,10/10/2016
2016-0133,10/14/2016,2016,10,14,CONDUCTOR,MOTO,MASCULINO,41,10/25/2016
2016-0134,10/23/2016,2016,10,23,CONDUCTOR,MOTO,MASCULINO,25,10/23/2016
2016-0135,10/24/2016,2016,10,24,PEATON,PEATON,MASCULINO,29,10/25/2016
2016-0136,10/25/2016,2016,10,25,CONDUCTOR,MOTO,SD,SD,SD
2016-0137,10/25/2016,2016,10,25,CONDUCTOR,MOTO,MASCULINO,30,SD
2016-0138,10/27/2016,2016,10,27,CICLISTA,BICICLETA,FEMENINO,33,SD
2016-0139,10/28/2016,2016,10,28,PASAJERO_ACOMPAÑANTE,MOTO,FEMENINO,35,SD
2016-0140,10/31/2016,2016,10,31,PASAJERO_ACOMPAÑANTE,PASAJEROS,MASCULINO,20,SD
2016-0142,11/5/2016,2016,11,5,CONDUCTOR,MOTO,MASCULINO,46,11/5/2016
2016-0143,11/6/2016,2016,11,6,CONDUCTOR,MOTO,MASCULINO,35,SD
2016-0144,11/7/2016,2016,11,7,PEATON,PEATON,MASCULINO,83,SD
2016-0145,11/7/2016,2016,11,7,CONDUCTOR,MOTO,MASCULINO,39,11/7/2016
2016-0146,11/9/2016,2016,11,9,PEATON,PEATON,FEMENINO,29,SD
2016-0147,11/16/2016,2016,11,16,PASAJERO_ACOMPAÑANTE,MOVIL,MASCULINO,55,11/16/2016
2016-0148,11/16/2016,2016,11,16,CONDUCTOR,MOTO,MASCULINO,SD,SD
2016-0150,11/18/2016,2016,11,18,PASAJERO_ACOMPAÑANTE,CARGAS,MASCULINO,41,11/18/2016
2016-0151,11/18/2016,2016,11,18,PEATON,PEATON,SD,SD,SD
2016-0152,11/23/2016,2016,11,23,CONDUCTOR,MOTO,MASCULINO,42,11/24/2016
2016-0153,11/25/2016,2016,11,25,PEATON,PEATON,FEMENINO,83,11/25/2016
2016-0154,11/26/2016,2016,11,26,CONDUCTOR,MOTO,MASCULINO,38,SD
2016-0155,11/26/2016,2016,11,26,PEATON,PEATON,FEMENINO,29,SD
2016-0156,11/26/2016,2016,11,26,CONDUCTOR,MOTO,MASCULINO,23,11/30/2016
2016-0157,12/3/2016,2016,12,3,CONDUCTOR,MOTO,MASCULINO,23,SD
2016-0159,12/4/2016,2016,12,4,CONDUCTOR,AUTO,MASCULINO,23,SD
2016-0160,12/6/2016,2016,12,6,CONDUCTOR,CARGAS,MASCULINO,29,12/6/2016
2016-0161,12/6/2016,2016,12,6,PEATON,PEATON,MASCULINO,50,12/6/2016
2016-0162,12/7/2016,2016,12,7,PEATON,PEATON,MASCULINO,38,1/1/2017
2016-0163,12/10/2016,2016,12,10,CONDUCTOR,MOTO,MASCULINO,23,SD
2016-0164,12/11/2016,2016,12,11,CONDUCTOR,AUTO,MASCULINO,29,SD
2016-0165,12/12/2016,2016,12,12,CICLISTA,BICICLETA,MASCULINO,37,SD
2016-0168,12/13/2016,2016,12,13,CONDUCTOR,MOTO,MASCULINO,43,12/13/2016
2016-0169,12/15/2016,2016,12,15,CONDUCTOR,MOTO,MASCULINO,24,12/16/2016
2016-0170,12/19/2016,2016,12,19,PASAJERO_ACOMPAÑANTE,MOTO,MASCULINO,21,12/19/2016
2016-0171,12/25/2016,2016,12,25,CONDUCTOR,MOTO,SD,SD,SD
2016-0172,12/26/2016,2016,12,26,CONDUCTOR,MOTO,MASCULINO,38,12/26/2016
2016-0173,12/26/2016,2016,12,26,CONDUCTOR,MOTO,MASCULINO,35,SD
2016-0174,12/27/2016,2016,12,27,SD,SD,SD,SD,SD
2016-0175,12/27/2016,2016,12,27,PEATON,PEATON,FEMENINO,SD,SD
2016-0176,12/28/2016,2016,12,28,CONDUCTOR,MOTO,MASCULINO,28,SD
2016-0177,12/29/2016,2016,12,29,PEATON,PEATON,FEMENINO,27,SD
2016-0178,12/30/2016,2016,12,30,PEATON,PEATON,FEMENINO,7,SD
2017-0001,1/2/2017,2017,1,2,CONDUCTOR,MOTO,MASCULINO,18,1/2/2017
2017-0003,1/5/2017,2017,1,5,PASAJERO_ACOMPAÑANTE,CARGAS,MASCULINO,33,1/5/2017
2017-0007,1/11/2017,2017,1,11,PEATON,PEATON,MASCULINO,48,1/11/2017
2017-0008,1/16/2017,2017,1,16,CONDUCTOR,MOTO,MASCULINO,29,1/16/2017
2017-0009,1/16/2017,2017,1,16,CONDUCTOR,MOTO,MASCULINO,36,1/16/2017
2017-0010,1/16/2017,2017,1,16,CONDUCTOR,MOTO,MASCULINO,23,1/16/2017
2017-0011,1/22/2017,2017,1,22,PASAJERO_ACOMPAÑANTE,MOTO,FEMENINO,29,1/22/2017
2017-0012,1/24/2017,2017,1,24,CONDUCTOR,MOTO,MASCULINO,30,1/24/2017
2017-0013,1/27/2017,2017,1,27,PEATON,PEATON,MASCULINO,4,1/27/2017
2017-0014,1/28/2017,2017,1,28,PASAJERO_ACOMPAÑANTE,MOTO,FEMENINO,22,1/28/2017
2017-0015,2/2/2017,2017,2,2,PEATON,PEATON,MASCULINO,82,2/21/2017
2017-0016,2/3/2017,2017,2,3,CONDUCTOR,MOTO,MASCULINO,27,2/4/2017
2017-0017,2/6/2017,2017,2,6,CONDUCTOR,MOTO,MASCULINO,32,2/6/2017
2017-0018,2/9/2017,2017,2,9,CONDUCTOR,MOTO,MASCULINO,30,2/9/2017
2017-0021,2/18/2017,2017,2,18,CONDUCTOR,MOTO,MASCULINO,43,2/18/2017
2017-0024,2/23/2017,2017,2,23,PEATON,PEATON,MASCULINO,39,2/23/2017
2017-0025,2/24/2017,2017,2,24,CONDUCTOR,MOTO,MASCULINO,23,2/24/2017
2017-0026,2/26/2017,2017,2,26,PASAJERO_ACOMPAÑANTE,AUTO,FEMENINO,23,2/26/2017
2017-0026,2/26/2017,2017,2,26,CONDUCTOR,AUTO,MASCULINO,19,2/26/2017
2017-0027,2/26/2017,2017,2,26,PEATON,PEATON,MASCULINO,SD,2/26/2017
2017-0028,2/28/2017,2017,2,28,PEATON,PEATON,MASCULINO,87,2/28/2017
2017-0029,3/7/2017,2017,3,7,SD,SD,MASCULINO,34,3/7/2017
2017-0030,3/7/2017,2017,3,7,CONDUCTOR,AUTO,FEMENINO,27,3/7/2017
2017-0031,3/11/2017,2017,3,11,PASAJERO_ACOMPAÑANTE,AUTO,MASCULINO,70,3/11/2017
2017-0032,3/12/2017,2017,3,12,PASAJERO_ACOMPAÑANTE,AUTO,FEMENINO,40,3/12/2017
2017-0033,3/12/2017,2017,3,12,CONDUCTOR,AUTO,MASCULINO,28,3/12/2017
2017-0034,3/13/2017,2017,3,13,PEATON,PEATON,MASCULINO,43,3/13/2017
2017-0035,3/23/2017,2017,3,23,CONDUCTOR,AUTO,MASCULINO,28,3/23/2017
2017-0035,3/23/2017,2017,3,23,PASAJERO_ACOMPAÑANTE,AUTO,MASCULINO,32,3/23/2017
2017-0035,3/23/2017,2017,3,23,PASAJERO_ACOMPAÑANTE,AUTO,MASCULINO,30,3/23/2017
2017-0036,3/29/2017,2017,3,29,PASAJERO_ACOMPAÑANTE,MOTO,FEMENINO,SD,3/29/2017
2017-0036,3/29/2017,2017,3,29,CONDUCTOR,MOTO,MASCULINO,20,3/29/2017
2017-0037,3/31/2017,2017,3,31,CONDUCTOR,MOTO,MASCULINO,41,3/31/2017
2017-0038,4/1/2017,2017,4,1,CONDUCTOR,MOTO,FEMENINO,40,4/1/2017
2017-0040,4/3/2017,2017,4,3,CONDUCTOR,AUTO,MASCULINO,43,4/3/2017
2017-0041,4/3/2017,2017,4,3,CONDUCTOR,MOTO,MASCULINO,17,SD
2017-0042,4/10/2017,2017,4,10,CONDUCTOR,MOTO,MASCULINO,SD,4/10/2017
2017-0045,4/14/2017,2017,4,14,CONDUCTOR,MOTO,MASCULINO,21,4/14/2017
2017-0047,4/23/2017,2017,4,23,CONDUCTOR,MOTO,MASCULINO,37,4/23/2017
2017-0049,4/27/2017,2017,4,27,PEATON,PEATON,MASCULINO,22,4/27/2017
2017-0050,4/28/2017,2017,4,28,CONDUCTOR,MOTO,MASCULINO,46,4/28/2017
2017-0050,4/28/2017,2017,4,28,PASAJERO_ACOMPAÑANTE,MOTO,MASCULINO,16,4/28/2017
2017-0051,5/1/2017,2017,5,1,CONDUCTOR,AUTO,MASCULINO,33,5/1/2017
2017-0052,5/5/2017,2017,5,5,PEATON,PEATON,FEMENINO,47,5/5/2017
2017-0053,5/5/2017,2017,5,5,CONDUCTOR,MOTO,MASCULINO,28,5/5/2017
2017-0054,5/7/2017,2017,5,7,PASAJERO_ACOMPAÑANTE,MOTO,FEMENINO,20,5/7/2017
2017-0055,5/9/2017,2017,5,9,CONDUCTOR,AUTO,MASCULINO,32,5/9/2017
2017-0058,5/9/2017,2017,5,9,PEATON,PEATON,MASCULINO,80,5/9/2017
2017-0059,5/11/2017,2017,5,11,PEATON,PEATON,FEMENINO,39,5/11/2017
2017-0060,5/13/2017,2017,5,13,PASAJERO_ACOMPAÑANTE,MOTO,MASCULINO,30,5/13/2017
2017-0061,5/15/2017,2017,5,15,PEATON,PEATON,MASCULINO,47,5/16/2017
2017-0062,5/15/2017,2017,5,15,CONDUCTOR,MOTO,MASCULINO,35,5/15/2017
2017-0063,5/17/2017,2017,5,17,PEATON,PEATON,FEMENINO,79,5/17/2017
2017-0064,5/20/2017,2017,5,20,PASAJERO_ACOMPAÑANTE,CARGAS,MASCULINO,61,5/20/2017
2017-0065,5/22/2017,2017,5,22,CICLISTA,BICICLETA,MASCULINO,21,5/22/2017
2017-0066,5/22/2017,2017,5,22,PEATON,PEATON,MASCULINO,10,5/22/2017
2017-0067,5/23/2017,2017,5,23,CONDUCTOR,MOTO,MASCULINO,21,5/23/2017
2017-0068,5/27/2017,2017,5,27,CONDUCTOR,MOTO,MASCULINO,32,5/27/2017
2017-0069,5/29/2017,2017,5,29,CONDUCTOR,MOTO,MASCULINO,39,5/29/2017
2017-0070,5/30/2017,2017,5,30,PEATON,PEATON,MASCULINO,80,5/31/2017
2017-0072,6/3/2017,2017,6,3,CONDUCTOR,AUTO,MASCULINO,25,6/3/2017
2017-0073,6/4/2017,2017,6,4,CONDUCTOR,MOTO,MASCULINO,19,6/4/2017
2017-0074,6/4/2017,2017,6,4,SD,SD,MASCULINO,70,6/4/2017
2017-0075,6/12/2017,2017,6,12,PEATON,PEATON,MASCULINO,55,6/12/2017
2017-0076,6/13/2017,2017,6,13,PEATON,PEATON,FEMENINO,30,6/13/2017
2017-0077,6/17/2017,2017,6,17,CONDUCTOR,MOTO,FEMENINO,60,6/18/2017
2017-0079,6/19/2017,2017,6,19,CONDUCTOR,MOTO,MASCULINO,33,6/19/2017
2017-0080,6/22/2017,2017,6,22,PEATON,PEATON,FEMENINO,95,6/22/2017
2017-0082,6/25/2017,2017,6,25,PEATON,PEATON,MASCULINO,36,6/25/2017
2017-0083,7/4/2017,2017,7,4,CONDUCTOR,MOTO,MASCULINO,37,7/4/2017
2017-0084,7/5/2017,2017,7,5,PEATON,PEATON,FEMENINO,73,7/5/2017
2017-0085,7/7/2017,2017,7,7,PEATON,PEATON,MASCULINO,84,7/7/2017
2017-0086,7/9/2017,2017,7,9,PEATON,PEATON,FEMENINO,30,7/9/2017
2017-0087,7/10/2017,2017,7,10,PEATON,PEATON,FEMENINO,73,7/10/2017
2017-0088,7/10/2017,2017,7,10,PEATON,PEATON,MASCULINO,43,7/10/2017
2017-0089,7/13/2017,2017,7,13,SD,SD,MASCULINO,23,SD
2017-0090,7/15/2017,2017,7,15,PEATON,PEATON,MASCULINO,22,7/15/2017
2017-0091,7/15/2017,2017,7,15,CONDUCTOR,MOTO,MASCULINO,58,7/15/2017
2017-0092,7/24/2017,2017,7,24,PEATON,PEATON,MASCULINO,66,7/24/2017
2017-0093,7/25/2017,2017,7,25,PEATON,PEATON,MASCULINO,SD,7/25/2017
2017-0094,7/27/2017,2017,7,27,CICLISTA,BICICLETA,FEMENINO,56,7/27/2017
2017-0095,8/6/2017,2017,8,6,CONDUCTOR,MOTO,MASCULINO,36,8/6/2017
2017-0096,8/7/2017,2017,8,7,PEATON,PEATON,MASCULINO,87,8/7/2017
2017-0098,8/8/2017,2017,8,8,PEATON,PEATON,FEMENINO,61,8/8/2017
2017-0099,8/17/2017,2017,8,17,CICLISTA,BICICLETA,MASCULINO,28,8/17/2017
2017-0100,8/21/2017,2017,8,21,PASAJERO_ACOMPAÑANTE,MOTO,FEMENINO,16,8/21/2017
2017-0101,8/23/2017,2017,8,23,PEATON,PEATON,FEMENINO,61,8/23/2017
2017-0102,8/24/2017,2017,8,24,PEATON,PEATON,MASCULINO,46,8/24/2017
2017-0104,8/25/2017,2017,8,25,PEATON,PEATON,FEMENINO,18,8/25/2017
2017-0106,8/31/2017,2017,8,31,PEATON,PEATON,FEMENINO,85,8/31/2017
2017-0107,9/1/2017,2017,9,1,CONDUCTOR,MOTO,MASCULINO,41,9/1/2017
2017-0108,9/2/2017,2017,9,2,PASAJERO_ACOMPAÑANTE,AUTO,MASCULINO,17,9/2/2017
2017-0108,9/2/2017,2017,9,2,PASAJERO_ACOMPAÑANTE,AUTO,MASCULINO,10,9/2/2017
2017-0109,9/4/2017,2017,9,4,CONDUCTOR,MOTO,MASCULINO,21,9/5/2017
2017-0110,9/6/2017,2017,9,6,PEATON,PEATON,MASCULINO,56,9/7/2017
2017-0111,9/7/2017,2017,9,7,PEATON,PEATON,FEMENINO,79,9/7/2017
2017-0112,9/10/2017,2017,9,10,PASAJERO_ACOMPAÑANTE,AUTO,MASCULINO,1,SD
2017-0112,9/10/2017,2017,9,10,PASAJERO_ACOMPAÑANTE,AUTO,MASCULINO,SD,9/13/2017
2017-0113,9/11/2017,2017,9,11,PEATON,PEATON,FEMENINO,76,9/11/2017
2017-0114,9/15/2017,2017,9,15,CONDUCTOR,AUTO,MASCULINO,26,9/15/2017
2017-0115,9/19/2017,2017,9,19,CONDUCTOR,MOTO,MASCULINO,34,SD
2017-0116,9/20/2017,2017,9,20,CONDUCTOR,MOTO,MASCULINO,22,9/20/2017
2017-0118,9/22/2017,2017,9,22,PASAJERO_ACOMPAÑANTE,MOTO,FEMENINO,26,9/29/2017
2017-0120,10/2/2017,2017,10,2,CONDUCTOR,MOTO,MASCULINO,20,10/2/2017
2017-0123,10/10/2017,2017,10,10,PEATON,PEATON,FEMENINO,36,10/10/2017
2017-0124,10/12/2017,2017,10,12,CONDUCTOR,MOTO,MASCULINO,51,10/12/2017
2017-0125,10/13/2017,2017,10,13,CONDUCTOR,MOTO,MASCULINO,29,10/13/2017
2017-0126,10/14/2017,2017,10,14,PASAJERO_ACOMPAÑANTE,AUTO,MASCULINO,39,SD
2017-0126,10/14/2017,2017,10,14,CONDUCTOR,AUTO,MASCULINO,36,10/14/2017
2017-0127,10/16/2017,2017,10,16,PASAJERO_ACOMPAÑANTE,MOTO,MASCULINO,24,10/16/2017
2017-0128,10/17/2017,2017,10,17,PEATON,PEATON,FEMENINO,60,10/17/2017
2017-0129,10/26/2017,2017,10,26,CONDUCTOR,MOTO,MASCULINO,57,10/26/2017
2017-0130,10/27/2017,2017,10,27,CONDUCTOR,AUTO,MASCULINO,23,10/27/2017
2017-0132,10/30/2017,2017,10,30,CONDUCTOR,MOTO,MASCULINO,23,10/30/2017
2017-0134,11/6/2017,2017,11,6,PEATON,PEATON,FEMENINO,47,11/6/2017
2017-0135,11/7/2017,2017,11,7,CONDUCTOR,MOTO,MASCULINO,24,11/7/2017
2017-0136,11/16/2017,2017,11,16,PEATON,PEATON,MASCULINO,55,11/16/2017
2017-0137,11/17/2017,2017,11,17,PEATON,PEATON,FEMENINO,60,11/17/2017
2017-0138,11/19/2017,2017,11,19,PASAJERO_ACOMPAÑANTE,MOTO,MASCULINO,25,11/19/2017
2017-0139,11/19/2017,2017,11,19,PASAJERO_ACOMPAÑANTE,AUTO,FEMENINO,15,11/19/2017
2017-0140,11/19/2017,2017,11,19,CONDUCTOR,MOTO,MASCULINO,24,11/19/2017
2017-0141,11/23/2017,2017,11,23,PEATON,PEATON,FEMENINO,22,11/23/2017
2017-0143,11/25/2017,2017,11,25,CONDUCTOR,AUTO,MASCULINO,50,11/25/2017
2017-0144,11/26/2017,2017,11,26,PASAJERO_ACOMPAÑANTE,AUTO,FEMENINO,50,11/26/2017
2017-0145,11/26/2017,2017,11,26,CONDUCTOR,MOTO,MASCULINO,58,11/26/2017
2017-0147,11/28/2017,2017,11,28,CONDUCTOR,MOTO,MASCULINO,49,11/28/2017
2017-0148,11/29/2017,2017,11,29,PEATON,PEATON,FEMENINO,82,11/29/2017
2017-0149,11/30/2017,2017,11,30,PEATON,PEATON,MASCULINO,13,11/30/2017
2017-0150,12/4/2017,2017,12,4,PEATON,PEATON,MASCULINO,56,12/4/2017
2017-0151,12/4/2017,2017,12,4,PEATON,PEATON,MASCULINO,SD,12/4/2017
2017-0152,12/6/2017,2017,12,6,CICLISTA,BICICLETA,MASCULINO,19,12/6/2017
2017-0153,12/11/2017,2017,12,11,PASAJERO_ACOMPAÑANTE,MOTO,MASCULINO,SD,12/12/2017
2017-0153,12/11/2017,2017,12,11,CONDUCTOR,MOTO,MASCULINO,30,12/12/2017
2017-0154,12/11/2017,2017,12,11,PEATON,PEATON,MASCULINO,76,12/11/2017
2017-0155,12/12/2017,2017,12,12,SD,SD,MASCULINO,77,SD
2017-0157,12/17/2017,2017,12,17,CONDUCTOR,AUTO,MASCULINO,53,12/17/2017
2017-0158,12/18/2017,2017,12,18,CONDUCTOR,MOTO,MASCULINO,32,12/18/2017
2017-0159,12/20/2017,2017,12,20,CONDUCTOR,MOTO,MASCULINO,27,12/20/2017
2017-0160,12/22/2017,2017,12,22,PEATON,PEATON,FEMENINO,30,12/22/2017
2017-0161,12/26/2017,2017,12,26,PEATON,PEATON,FEMENINO,30,12/26/2017
2018-0001,1/1/2018,2018,1,1,PEATON,PEATON,MASCULINO,83,1/2/2018
2018-0002,1/3/2018,2018,1,3,CICLISTA,BICICLETA,FEMENINO,26,1/3/2018
2018-0003,1/5/2018,2018,1,5,PEATON,PEATON,FEMENINO,58,1/5/2018
2018-0004,1/9/2018,2018,1,9,CONDUCTOR,MOTO,MASCULINO,39,1/9/2018
2018-0005,1/9/2018,2018,1,9,PEATON,PEATON,MASCULINO,54,1/9/2018
2018-0006,1/10/2018,2018,1,10,CICLISTA,BICICLETA,FEMENINO,45,1/10/2018
2018-0007,1/11/2018,2018,1,11,CONDUCTOR,AUTO,MASCULINO,46,1/11/2018
2018-0008,1/12/2018,2018,1,12,CONDUCTOR,MOTO,FEMENINO,32,1/12/2018
2018-0009,1/14/2018,2018,1,14,CONDUCTOR,MOTO,MASCULINO,19,1/14/2018
2018-0010,1/18/2018,2018,1,18,CONDUCTOR,MOTO,MASCULINO,40,1/18/2018
2018-0011,1/19/2018,2018,1,19,PEATON,PEATON,MASCULINO,84,1/19/2018
2018-0012,1/26/2018,2018,1,26,CONDUCTOR,MOTO,MASCULINO,20,1/26/2018
2018-0013,1/28/2018,2018,1,28,CONDUCTOR,MOTO,MASCULINO,44,1/28/2018
2018-0014,1/31/2018,2018,1,31,PEATON,PEATON,MASCULINO,SD,2/4/2018
2018-0015,2/6/2018,2018,2,6,CONDUCTOR,MOTO,MASCULINO,28,2/6/2018
2018-0015,2/6/2018,2018,2,6,PASAJERO_ACOMPAÑANTE,MOTO,MASCULINO,19,2/6/2018
2018-0016,2/15/2018,2018,2,15,CONDUCTOR,MOTO,MASCULINO,31,2/15/2018
2018-0017,2/17/2018,2018,2,17,PEATON,PEATON,MASCULINO,35,2/20/2018
2018-0018,2/17/2018,2018,2,17,CONDUCTOR,MOTO,MASCULINO,26,2/17/2018
2018-0019,2/17/2018,2018,2,17,PEATON,PEATON,FEMENINO,80,2/17/2018
2018-0020,2/19/2018,2018,2,19,CONDUCTOR,MOTO,MASCULINO,26,2/19/2018
2018-0021,2/22/2018,2018,2,22,PEATON,PEATON,FEMENINO,62,2/22/2018
2018-0022,2/24/2018,2018,2,24,CONDUCTOR,MOTO,MASCULINO,28,2/24/2018
2018-0023,2/24/2018,2018,2,24,CONDUCTOR,MOTO,MASCULINO,28,2/24/2018
2018-0024,2/28/2018,2018,2,28,PEATON,PEATON,MASCULINO,70,2/28/2018
2018-0025,3/4/2018,2018,3,4,PEATON,PEATON,MASCULINO,70,3/5/2018
2018-0026,3/9/2018,2018,3,9,CONDUCTOR,MOVIL,MASCULINO,24,3/9/2018
2018-0026,3/9/2018,2018,3,9,PASAJERO_ACOMPAÑANTE,MOVIL,MASCULINO,30,3/9/2018
2018-0027,3/11/2018,2018,3,11,PEATON,PEATON,FEMENINO,74,3/11/2018
2018-0028,3/13/2018,2018,3,13,PEATON,PEATON,MASCULINO,71,3/13/2018
2018-0029,3/15/2018,2018,3,15,CONDUCTOR,MOTO,MASCULINO,26,3/15/2018
2018-0030,3/20/2018,2018,3,20,CONDUCTOR,MOTO,MASCULINO,24,3/20/2018
2018-0031,3/28/2018,2018,3,28,CONDUCTOR,MOTO,MASCULINO,31,3/28/2018
2018-0032,4/2/2018,2018,4,2,PEATON,PEATON,MASCULINO,70,4/2/2018
2018-0033,4/7/2018,2018,4,7,CONDUCTOR,MOTO,FEMENINO,42,4/10/2018
2018-0034,4/11/2018,2018,4,11,PEATON,PEATON,MASCULINO,24,4/11/2018
2018-0035,4/12/2018,2018,4,12,PEATON,PEATON,FEMENINO,39,4/12/2018
2018-0036,4/13/2018,2018,4,13,CONDUCTOR,MOTO,MASCULINO,37,4/15/2018
2018-0037,4/18/2018,2018,4,18,PEATON,PEATON,MASCULINO,84,4/19/2018
2018-0038,4/20/2018,2018,4,20,PEATON,PEATON,FEMENINO,59,4/20/2018
2018-0038,4/20/2018,2018,4,20,PEATON,PEATON,MASCULINO,61,4/20/2018
2018-0039,4/21/2018,2018,4,21,PEATON,PEATON,MASCULINO,37,4/21/2018
2018-0040,4/27/2018,2018,4,27,PEATON,PEATON,FEMENINO,SD,4/27/2018
2018-0041,4/27/2018,2018,4,27,PEATON,PEATON,FEMENINO,78,4/27/2018
2018-0042,4/27/2018,2018,4,27,PASAJERO_ACOMPAÑANTE,MOTO,MASCULINO,23,4/27/2018
2018-0043,4/28/2018,2018,4,28,CONDUCTOR,MOTO,MASCULINO,25,4/29/2018
2018-0044,4/28/2018,2018,4,28,PEATON,PEATON,FEMENINO,50,4/28/2018
2018-0045,4/30/2018,2018,4,30,CONDUCTOR,AUTO,MASCULINO,60,4/30/2018
2018-0046,5/2/2018,2018,5,2,PEATON,PEATON,MASCULINO,11,5/2/2018
2018-0047,5/8/2018,2018,5,8,PEATON,PEATON,MASCULINO,82,5/9/2018
2018-0048,5/9/2018,2018,5,9,PEATON,PEATON,MASCULINO,57,5/16/2018
2018-0049,5/11/2018,2018,5,11,PEATON,PEATON,FEMENINO,40,5/13/2018
2018-0050,5/14/2018,2018,5,14,PEATON,PEATON,FEMENINO,47,5/24/2018
2018-0051,5/15/2018,2018,5,15,PEATON,PEATON,FEMENINO,57,5/15/2018
2018-0052,5/18/2018,2018,5,18,PEATON,PEATON,MASCULINO,78,5/19/2018
2018-0053,5/20/2018,2018,5,20,CONDUCTOR,MOTO,MASCULINO,43,5/20/2018
2018-0054,5/22/2018,2018,5,22,PEATON,PEATON,FEMENINO,86,5/25/2018
2018-0055,5/29/2018,2018,5,29,CONDUCTOR,MOTO,MASCULINO,21,5/29/2018
2018-0056,6/2/2018,2018,6,2,PEATON,PEATON,FEMENINO,69,6/4/2018
2018-0057,6/3/2018,2018,6,3,CONDUCTOR,MOTO,MASCULINO,33,6/4/2018
2018-0058,6/3/2018,2018,6,3,CONDUCTOR,MOTO,MASCULINO,26,6/13/2018
2018-0059,6/8/2018,2018,6,8,CONDUCTOR,MOTO,MASCULINO,54,6/8/2018
2018-0060,6/8/2018,2018,6,8,PEATON,PEATON,MASCULINO,51,6/8/2018
2018-0061,6/10/2018,2018,6,10,CONDUCTOR,MOTO,MASCULINO,51,6/10/2018
2018-0062,6/14/2018,2018,6,14,PEATON,PEATON,MASCULINO,32,6/14/2018
2018-0063,6/16/2018,2018,6,16,PEATON,PEATON,FEMENINO,28,6/17/2018
2018-0064,6/25/2018,2018,6,25,CONDUCTOR,AUTO,MASCULINO,30,6/25/2018
2018-0065,6/26/2018,2018,6,26,CONDUCTOR,MOTO,MASCULINO,35,6/26/2018
2018-0066,6/28/2018,2018,6,28,PEATON,PEATON,MASCULINO,73,6/28/2018
2018-0067,6/29/2018,2018,6,29,PASAJERO_ACOMPAÑANTE,PASAJEROS,FEMENINO,81,7/6/2018
2018-0068,7/1/2018,2018,7,1,CONDUCTOR,MOTO,MASCULINO,21,7/1/2018
2018-0069,7/4/2018,2018,7,4,CICLISTA,BICICLETA,MASCULINO,20,7/4/2018
2018-0070,7/7/2018,2018,7,7,CONDUCTOR,MOTO,MASCULINO,33,7/7/2018
2018-0071,7/10/2018,2018,7,10,CONDUCTOR,MOTO,MASCULINO,SD,7/10/2018
2018-0072,7/11/2018,2018,7,11,CONDUCTOR,MOTO,MASCULINO,27,7/13/2018
2018-0073,7/11/2018,2018,7,11,PEATON,PEATON,FEMENINO,67,7/11/2018
2018-0074,7/14/2018,2018,7,14,CONDUCTOR,AUTO,MASCULINO,25,7/14/2018
2018-0075,7/15/2018,2018,7,15,PEATON,PEATON,MASCULINO,23,7/15/2018
2018-0076,7/16/2018,2018,7,16,CONDUCTOR,AUTO,MASCULINO,73,7/16/2018
2018-0077,7/16/2018,2018,7,16,CONDUCTOR,AUTO,MASCULINO,58,7/17/2018
2018-0078,7/21/2018,2018,7,21,PEATON,PEATON,MASCULINO,27,7/21/2018
2018-0079,7/23/2018,2018,7,23,PEATON,PEATON,MASCULINO,SD,7/23/2018
2018-0080,7/25/2018,2018,7,25,PEATON,PEATON,MASCULINO,26,7/25/2018
2018-0081,7/29/2018,2018,7,29,PEATON,PEATON,MASCULINO,35,7/29/2018
2018-0082,8/1/2018,2018,8,1,CONDUCTOR,MOTO,FEMENINO,17,8/1/2018
2018-0083,8/2/2018,2018,8,2,CONDUCTOR,MOTO,MASCULINO,SD,8/2/2018
2018-0084,8/3/2018,2018,8,3,PEATON,PEATON,MASCULINO,45,8/3/2018
2018-0085,8/3/2018,2018,8,3,PASAJERO_ACOMPAÑANTE,MOTO,FEMENINO,22,8/3/2018
2018-0085,8/3/2018,2018,8,3,CONDUCTOR,MOTO,MASCULINO,30,8/3/2018
2018-0086,8/10/2018,2018,8,10,PEATON,PEATON,MASCULINO,40,8/10/2018
2018-0087,8/15/2018,2018,8,15,PEATON,PEATON,MASCULINO,75,8/20/2018
2018-0088,8/17/2018,2018,8,17,CONDUCTOR,MOTO,MASCULINO,SD,8/17/2018
2018-0089,8/17/2018,2018,8,17,PEATON,PEATON,MASCULINO,80,8/17/2018
2018-0090,8/18/2018,2018,8,18,CONDUCTOR,MOTO,MASCULINO,27,8/18/2018
2018-0091,8/19/2018,2018,8,19,PASAJERO_ACOMPAÑANTE,AUTO,FEMENINO,23,8/19/2018
2018-0092,8/20/2018,2018,8,20,CONDUCTOR,MOTO,MASCULINO,23,8/20/2018
2018-0093,8/20/2018,2018,8,20,PEATON,PEATON,MASCULINO,24,8/20/2018
2018-0094,8/23/2018,2018,8,23,CONDUCTOR,MOTO,MASCULINO,32,8/23/2018
2018-0095,8/26/2018,2018,8,26,PASAJERO_ACOMPAÑANTE,AUTO,FEMENINO,49,8/26/2018
2018-0096,8/31/2018,2018,8,31,PEATON,PEATON,MASCULINO,39,8/31/2018
2018-0097,9/2/2018,2018,9,2,CONDUCTOR,AUTO,FEMENINO,35,9/2/2018
2018-0098,9/9/2018,2018,9,9,CONDUCTOR,AUTO,MASCULINO,55,9/9/2018
2018-0098,9/9/2018,2018,9,9,PASAJERO_ACOMPAÑANTE,AUTO,MASCULINO,54,9/9/2018
2018-0099,9/12/2018,2018,9,12,PEATON,PEATON,MASCULINO,18,9/13/2018
2018-0100,9/20/2018,2018,9,20,SD,MOTO,FEMENINO,33,9/20/2018
2018-0101,9/21/2018,2018,9,21,CONDUCTOR,AUTO,MASCULINO,SD,9/21/2018
2018-0102,9/21/2018,2018,9,21,CONDUCTOR,MOTO,MASCULINO,20,9/21/2018
2018-0103,9/27/2018,2018,9,27,PEATON,PEATON,MASCULINO,1,9/29/2018
2018-0104,10/1/2018,2018,10,1,CONDUCTOR,MOTO,MASCULINO,22,10/1/2018
2018-0105,10/3/2018,2018,10,3,PEATON,PEATON,FEMENINO,56,10/3/2018
2018-0106,10/4/2018,2018,10,4,CONDUCTOR,MOTO,MASCULINO,27,10/4/2018
2018-0107,10/6/2018,2018,10,6,PEATON,PEATON,FEMENINO,62,10/6/2018
2018-0108,10/9/2018,2018,10,9,CONDUCTOR,MOTO,MASCULINO,37,10/10/2018
2018-0109,10/10/2018,2018,10,10,PEATON,PEATON,MASCULINO,34,10/10/2018
2018-0110,10/13/2018,2018,10,13,PEATON,PEATON,MASCULINO,60,10/14/2018
2018-0111,10/19/2018,2018,10,19,CONDUCTOR,MOTO,MASCULINO,28,10/19/2018
2018-0112,10/24/2018,2018,10,24,CONDUCTOR,MOTO,FEMENINO,28,10/24/2018
2018-0113,10/25/2018,2018,10,25,CONDUCTOR,MOTO,MASCULINO,20,10/25/2018
2018-0114,10/30/2018,2018,10,30,CONDUCTOR,MOTO,MASCULINO,23,10/30/2018
2018-0115,10/31/2018,2018,10,31,PEATON,PEATON,MASCULINO,42,11/1/2018
2018-0116,11/1/2018,2018,11,1,PEATON,PEATON,MASCULINO,48,11/8/2018
2018-0117,11/4/2018,2018,11,4,CONDUCTOR,MOTO,MASCULINO,30,11/8/2018
2018-0118,11/5/2018,2018,11,5,PEATON,PEATON,FEMENINO,80,11/5/2018
2018-0119,11/5/2018,2018,11,5,PEATON,PEATON,FEMENINO,32,11/6/2018
2018-0120,11/9/2018,2018,11,9,PEATON,PEATON,FEMENINO,51,11/20/2018
2018-0121,11/9/2018,2018,11,9,PEATON,PEATON,FEMENINO,72,11/9/2018
2018-0122,11/12/2018,2018,11,12,CONDUCTOR,AUTO,MASCULINO,33,11/12/2018
2018-0123,11/12/2018,2018,11,12,CONDUCTOR,AUTO,MASCULINO,25,11/12/2018
2018-0124,11/15/2018,2018,11,15,CONDUCTOR,CARGAS,MASCULINO,44,11/15/2018
2018-0125,11/16/2018,2018,11,16,PEATON,PEATON,MASCULINO,29,11/17/2018
2018-0126,11/18/2018,2018,11,18,CONDUCTOR,MOTO,MASCULINO,27,11/23/2018
2018-0127,11/19/2018,2018,11,19,CONDUCTOR,MOTO,MASCULINO,29,11/19/2018
2018-0128,11/25/2018,2018,11,25,PASAJERO_ACOMPAÑANTE,AUTO,MASCULINO,49,11/25/2018
2018-0128,11/25/2018,2018,11,25,PASAJERO_ACOMPAÑANTE,AUTO,FEMENINO,39,11/25/2018
2018-0129,11/28/2018,2018,11,28,CONDUCTOR,MOTO,MASCULINO,37,11/30/2018
2018-0130,12/3/2018,2018,12,3,CONDUCTOR,MOTO,MASCULINO,SD,12/3/2018
2018-0131,12/7/2018,2018,12,7,CONDUCTOR,MOTO,MASCULINO,29,12/7/2018
2018-0132,12/12/2018,2018,12,12,PEATON,PEATON,MASCULINO,70,12/12/2018
2018-0133,12/12/2018,2018,12,12,PEATON,PEATON,FEMENINO,60,12/12/2018
2018-0134,12/12/2018,2018,12,12,PEATON,PEATON,MASCULINO,56,12/13/2018
2018-0135,12/18/2018,2018,12,18,PEATON,PEATON,MASCULINO,80,12/22/2018
2018-0136,12/18/2018,2018,12,18,PEATON,PEATON,FEMENINO,70,12/18/2018
2018-0137,12/18/2018,2018,12,18,PASAJERO_ACOMPAÑANTE,MOTO,MASCULINO,29,12/19/2018
2018-0138,12/21/2018,2018,12,21,PASAJERO_ACOMPAÑANTE,PASAJEROS,FEMENINO,79,12/21/2018
2018-0139,12/22/2018,2018,12,22,PASAJERO_ACOMPAÑANTE,MOTO,MASCULINO,28,12/24/2018
2018-0140,12/22/2018,2018,12,22,CONDUCTOR,AUTO,MASCULINO,78,12/22/2018
2018-0141,12/22/2018,2018,12,22,PEATON,PEATON,MASCULINO,75,12/24/2018
2018-0142,12/25/2018,2018,12,25,PASAJERO_ACOMPAÑANTE,CARGAS,MASCULINO,32,1/1/2019
2018-0143,12/29/2018,2018,12,29,CONDUCTOR,MOTO,MASCULINO,22,12/29/2018
2019-0001,1/8/2019,2019,1,8,CONDUCTOR,MOTO,MASCULINO,25,1/8/2019
2019-0002,1/9/2019,2019,1,9,CONDUCTOR,AUTO,MASCULINO,32,1/9/2019
2019-0003,1/12/2019,2019,1,12,CONDUCTOR,MOTO,MASCULINO,23,1/12/2019
2019-0004,1/14/2019,2019,1,14,CONDUCTOR,AUTO,MASCULINO,71,1/14/2019
2019-0005,1/19/2019,2019,1,19,CONDUCTOR,MOTO,MASCULINO,43,1/19/2019
2019-0006,1/23/2019,2019,1,23,PEATON,PEATON,FEMENINO,12,1/23/2019
2019-0007,1/26/2019,2019,1,26,CONDUCTOR,MOTO,MASCULINO,35,1/26/2019
2019-0008,1/30/2019,2019,1,30,CONDUCTOR,MOTO,MASCULINO,42,1/31/2019
2019-0009,1/31/2019,2019,1,31,CONDUCTOR,MOTO,MASCULINO,34,1/31/2019
2019-0010,2/2/2019,2019,2,2,PEATON,PEATON,MASCULINO,SD,2/2/2019
2019-0010,2/2/2019,2019,2,2,PEATON,PEATON,MASCULINO,59,2/2/2019
2019-0011,2/10/2019,2019,2,10,PEATON,PEATON,MASCULINO,SD,2/10/2019
2019-0012,2/17/2019,2019,2,17,CONDUCTOR,MOTO,MASCULINO,31,2/20/2019
2019-0013,2/20/2019,2019,2,20,PEATON,PEATON,MASCULINO,39,3/2/2019
2019-0014,2/20/2019,2019,2,20,CONDUCTOR,MOTO,MASCULINO,69,2/20/2019
2019-0015,2/23/2019,2019,2,23,CONDUCTOR,AUTO,MASCULINO,21,2/23/2019
2019-0016,2/24/2019,2019,2,24,CONDUCTOR,MOTO,MASCULINO,40,2/24/2019
2019-0017,3/3/2019,2019,3,3,CONDUCTOR,AUTO,MASCULINO,22,3/7/2019
2019-0018,3/3/2019,2019,3,3,PEATON,PEATON,FEMENINO,29,3/3/2019
2019-0019,3/6/2019,2019,3,6,CONDUCTOR,MOTO,MASCULINO,SD,26/03/2019
2019-0020,3/7/2019,2019,3,7,CONDUCTOR,MOTO,MASCULINO,43,3/7/2019
2019-0021,3/15/2019,2019,3,15,CONDUCTOR,MOTO,MASCULINO,23,3/16/2019
2019-0022,3/15/2019,2019,3,15,PASAJERO_ACOMPAÑANTE,AUTO,MASCULINO,SD,3/15/2019
2019-0023,3/16/2019,2019,3,16,CONDUCTOR,AUTO,MASCULINO,34,3/16/2019
2019-0024,3/19/2019,2019,3,19,CONDUCTOR,MOTO,MASCULINO,32,3/19/2019
2019-0025,3/22/2019,2019,3,22,PEATON,PEATON,MASCULINO,27,4/4/2019
2019-0026,3/28/2019,2019,3,28,PEATON,PEATON,MASCULINO,SD,3/28/2019
2019-0027,3/28/2019,2019,3,28,CICLISTA,BICICLETA,MASCULINO,37,3/28/2019
2019-0028,4/6/2019,2019,4,6,PEATON,PEATON,FEMENINO,SD,4/6/2019
2019-0029,4/7/2019,2019,4,7,CONDUCTOR,MOTO,MASCULINO,27,4/7/2019
2019-0030,4/9/2019,2019,4,9,CONDUCTOR,MOTO,MASCULINO,25,4/9/2019
2019-0031,4/12/2019,2019,4,12,CICLISTA,BICICLETA,MASCULINO,20,4/12/2019
2019-0032,4/16/2019,2019,4,16,PEATON,PEATON,FEMENINO,83,4/18/2019
2019-0033,4/18/2019,2019,4,18,CONDUCTOR,MOTO,MASCULINO,25,4/18/2019
2019-0034,4/21/2019,2019,4,21,CONDUCTOR,MOTO,MASCULINO,SD,4/21/2019
2019-0035,4/23/2019,2019,4,23,PEATON,PEATON,FEMENINO,75,4/23/2019
2019-0036,4/26/2019,2019,4,26,CONDUCTOR,MOTO,MASCULINO,34,5/2/2019
2019-0037,5/1/2019,2019,5,1,CONDUCTOR,MOTO,MASCULINO,17,5/1/2019
2019-0038,5/4/2019,2019,5,4,PEATON,PEATON,FEMENINO,42,5/5/2019
2019-0105,5/5/2019,2019,5,5,PEATON,PEATON,FEMENINO,82,5/8/2019
2019-0039,5/9/2019,2019,5,9,CONDUCTOR,MOTO,MASCULINO,28,5/9/2019
2019-0040,5/9/2019,2019,5,9,CONDUCTOR,MOTO,MASCULINO,44,5/15/2019
2019-0041,5/11/2019,2019,5,11,PASAJERO_ACOMPAÑANTE,AUTO,FEMENINO,78,5/11/2019
2019-0042,5/14/2019,2019,5,14,PEATON,PEATON,MASCULINO,39,5/14/2019
2019-0043,5/21/2019,2019,5,21,CICLISTA,BICICLETA,FEMENINO,SD,5/21/2019
2019-0044,5/27/2019,2019,5,27,PEATON,PEATON,FEMENINO,77,5/29/2019
2019-0045,6/3/2019,2019,6,3,CONDUCTOR,MOTO,MASCULINO,33,6/3/2019
2019-0046,6/4/2019,2019,6,4,PASAJERO_ACOMPAÑANTE,MOTO,FEMENINO,26,6/4/2019
2019-0047,6/6/2019,2019,6,6,PEATON,PEATON,MASCULINO,76,6/6/2019
2019-0048,6/7/2019,2019,6,7,CONDUCTOR,MOTO,MASCULINO,32,6/7/2019
2019-0049,6/8/2019,2019,6,8,PEATON,PEATON,FEMENINO,72,6/9/2019
2019-0050,6/8/2019,2019,6,8,CONDUCTOR,MOTO,MASCULINO,21,6/9/2019
2019-0051,6/11/2019,2019,6,11,CONDUCTOR,MOTO,MASCULINO,41,6/11/2019
2019-0053,6/14/2019,2019,6,14,PASAJERO_ACOMPAÑANTE,AUTO,MASCULINO,49,6/14/2019
2019-0054,6/20/2019,2019,6,20,CONDUCTOR,MOTO,MASCULINO,21,6/20/2019
2019-0055,6/20/2019,2019,6,20,CONDUCTOR,MOTO,MASCULINO,47,6/21/2019
2019-0056,6/29/2019,2019,6,29,PEATON,PEATON,FEMENINO,75,6/29/2019
2019-0057,7/5/2019,2019,7,5,PEATON,PEATON,FEMENINO,63,7/8/2019
2019-0058,7/10/2019,2019,7,10,CONDUCTOR,MOTO,MASCULINO,39,7/10/2019
2019-0059,7/13/2019,2019,7,13,CONDUCTOR,MOTO,MASCULINO,30,7/13/2019
2019-0060,7/17/2019,2019,7,17,PEATON,PEATON,FEMENINO,78,7/17/2019
2019-0061,7/17/2019,2019,7,17,PEATON,PEATON,FEMENINO,58,7/17/2019
2019-0062,8/1/2019,2019,8,1,PEATON,PEATON,FEMENINO,60,8/2/2019
2019-0063,8/4/2019,2019,8,4,PASAJERO_ACOMPAÑANTE,MOTO,MASCULINO,SD,8/4/2019
2019-0064,8/6/2019,2019,8,6,CONDUCTOR,MOTO,MASCULINO,20,8/6/2019
2019-0065,8/8/2019,2019,8,8,PEATON,PEATON,FEMENINO,55,8/9/2019
2019-0066,8/11/2019,2019,8,11,PEATON,PEATON,MASCULINO,40,8/11/2019
2019-0067,8/14/2019,2019,8,14,CONDUCTOR,MOTO,MASCULINO,35,8/14/2019
2019-0068,8/14/2019,2019,8,14,CONDUCTOR,MOTO,MASCULINO,53,8/14/2019
2019-0069,8/17/2019,2019,8,17,CONDUCTOR,MOTO,MASCULINO,43,8/17/2019
2019-0070,8/22/2019,2019,8,22,CONDUCTOR,MOTO,MASCULINO,25,8/22/2019
2019-0071,8/27/2019,2019,8,27,PEATON,PEATON,MASCULINO,SD,8/27/2019
2019-0072,8/28/2019,2019,8,28,CONDUCTOR,AUTO,MASCULINO,22,9/2/2019
2019-0073,8/29/2019,2019,8,29,CONDUCTOR,AUTO,MASCULINO,29,9/6/2019
2019-0074,8/29/2019,2019,8,29,CONDUCTOR,MOTO,MASCULINO,35,8/29/2019
2019-0075,8/30/2019,2019,8,30,CONDUCTOR,MOTO,MASCULINO,31,8/30/2019
2019-0076,9/5/2019,2019,9,5,CONDUCTOR,MOTO,FEMENINO,29,9/5/2019
2019-0077,9/8/2019,2019,9,8,PEATON,PEATON,FEMENINO,28,9/8/2019
2019-0078,9/12/2019,2019,9,12,PEATON,PEATON,FEMENINO,72,9/15/2019
2019-0079,9/17/2019,2019,9,17,CONDUCTOR,MOTO,MASCULINO,57,9/17/2019
2019-0080,9/17/2019,2019,9,17,PEATON,PEATON,MASCULINO,76,9/17/2019
2019-0081,9/23/2019,2019,9,23,PEATON,PEATON,MASCULINO,67,10/7/2019
2019-0082,9/25/2019,2019,9,25,CICLISTA,BICICLETA,MASCULINO,47,9/25/2019
2019-0083,9/26/2019,2019,9,26,CONDUCTOR,AUTO,MASCULINO,73,9/26/2019
2019-0084,9/27/2019,2019,9,27,CICLISTA,BICICLETA,FEMENINO,40,9/27/2019
2019-0085,10/9/2019,2019,10,9,CICLISTA,BICICLETA,MASCULINO,20,10/9/2019
2019-0086,10/15/2019,2019,10,15,CONDUCTOR,MOTO,MASCULINO,29,10/15/2019
2019-0087,10/21/2019,2019,10,21,CONDUCTOR,MOTO,MASCULINO,41,10/21/2019
2019-0088,10/22/2019,2019,10,22,PEATON,PEATON,MASCULINO,27,10/22/2019
2019-0089,10/23/2019,2019,10,23,PEATON,PEATON,FEMENINO,92,10/23/2019
2019-0090,10/24/2019,2019,10,24,PEATON,PEATON,MASCULINO,67,10/26/2019
2019-0091,11/1/2019,2019,11,1,PEATON,PEATON,MASCULINO,35,11/1/2019
2019-0092,11/3/2019,2019,11,3,PEATON,PEATON,MASCULINO,37,11/3/2019
2019-0093,11/13/2019,2019,11,13,CICLISTA,BICICLETA,MASCULINO,16,11/13/2019
2019-0094,11/18/2019,2019,11,18,PASAJERO_ACOMPAÑANTE,MOTO,FEMENINO,SD,11/18/2019
2019-0095,11/20/2019,2019,11,20,CONDUCTOR,MOTO,MASCULINO,SD,11/20/2019
2019-0096,11/22/2019,2019,11,22,PEATON,PEATON,MASCULINO,73,11/22/2019
2019-0097,11/25/2019,2019,11,25,PASAJERO_ACOMPAÑANTE,MOTO,FEMENINO,23,11/25/2019
2019-0098,11/25/2019,2019,11,25,PASAJERO_ACOMPAÑANTE,PASAJEROS,FEMENINO,61,11/29/2019
2019-0100,12/5/2019,2019,12,5,CONDUCTOR,MOTO,MASCULINO,38,12/18/2019
2019-0101,12/17/2019,2019,12,17,CONDUCTOR,MOTO,MASCULINO,25,12/17/2019
2019-0102,12/17/2019,2019,12,17,CONDUCTOR,MOTO,MASCULINO,18,12/18/2019
2019-0103,12/18/2019,2019,12,18,CONDUCTOR,MOTO,MASCULINO,24,12/18/2019
2019-0104,12/21/2019,2019,12,21,PASAJERO_ACOMPAÑANTE,MOTO,FEMENINO,23,12/22/2019
2020-0001,1/4/2020,2020,1,4,PEATON,PEATON,FEMENINO,87,1/4/2020
2020-0002,1/5/2020,2020,1,5,CONDUCTOR,MOTO,MASCULINO,36,1/7/2020
2020-0003,1/11/2020,2020,1,11,PEATON,PEATON,MASCULINO,44,1/11/2020
2020-0004,1/14/2020,2020,1,14,PEATON,PEATON,MASCULINO,82,1/15/2020
2020-0005,1/14/2020,2020,1,14,CONDUCTOR,MOTO,MASCULINO,25,2/10/2020
2020-0006,1/20/2020,2020,1,20,CONDUCTOR,MOTO,MASCULINO,23,1/20/2020
2020-0007,1/27/2020,2020,1,27,PEATON,PEATON,MASCULINO,52,1/27/2020
2020-0008,1/30/2020,2020,1,30,CONDUCTOR,MOTO,MASCULINO,49,1/30/2020
2020-0009,2/4/2020,2020,2,4,PEATON,PEATON,MASCULINO,48,2/5/2020
2020-0010,2/8/2020,2020,2,8,CONDUCTOR,MOTO,MASCULINO,SD,2/8/2020
2020-0011,2/12/2020,2020,2,12,CONDUCTOR,MOTO,MASCULINO,31,2/12/2020
2020-0012,2/18/2020,2020,2,18,PEATON,PEATON,FEMENINO,66,2/18/2020
2020-0013,2/20/2020,2020,2,20,PEATON,PEATON,FEMENINO,58,3/3/2020
2020-0014,2/27/2020,2020,2,27,CONDUCTOR,MOTO,MASCULINO,SD,2/27/2020
2020-0015,2/28/2020,2020,2,28,CONDUCTOR,MOTO,MASCULINO,29,2/28/2020
2020-0016,2/29/2020,2020,2,29,PEATON,PEATON,MASCULINO,68,3/9/2020
2020-0017,3/5/2020,2020,3,5,PEATON,PEATON,MASCULINO,SD,3/5/2020
2020-0018,3/9/2020,2020,3,9,CONDUCTOR,MOTO,MASCULINO,31,3/9/2020
2020-0019,3/10/2020,2020,3,10,PEATON,PEATON,FEMENINO,80,3/10/2020
2020-0020,3/13/2020,2020,3,13,PEATON,PEATON,FEMENINO,74,3/17/2020
2020-0021,3/14/2020,2020,3,14,PEATON,PEATON,FEMENINO,87,3/14/2020
2020-0022,4/7/2020,2020,4,7,PASAJERO_ACOMPAÑANTE,AUTO,MASCULINO,44,4/7/2020
2020-0023,4/9/2020,2020,4,9,CONDUCTOR,AUTO,MASCULINO,44,5/3/2020
2020-0024,4/24/2020,2020,4,24,CONDUCTOR,AUTO,MASCULINO,53,4/24/2020
2020-0025,5/12/2020,2020,5,12,PEATON,PEATON,MASCULINO,SD,5/12/2020
2020-0026,5/17/2020,2020,5,17,CONDUCTOR,MOTO,MASCULINO,28,5/17/2020
2020-0027,5/18/2020,2020,5,18,PEATON,PEATON,MASCULINO,76,5/18/2020
2020-0028,5/19/2020,2020,5,19,PEATON,PEATON,MASCULINO,91,5/23/2020
2020-0029,6/10/2020,2020,6,10,PEATON,PEATON,MASCULINO,80,6/12/2020
2020-0030,6/16/2020,2020,6,16,CONDUCTOR,MOTO,MASCULINO,40,6/16/2020
2020-0031,6/30/2020,2020,6,30,CONDUCTOR,MOTO,MASCULINO,29,6/30/2020
2020-0032,7/10/2020,2020,7,10,CONDUCTOR,MOTO,MASCULINO,21,7/10/2020
2020-0033,7/19/2020,2020,7,19,CONDUCTOR,AUTO,MASCULINO,32,7/19/2020
2020-0034,8/2/2020,2020,8,2,PEATON,PEATON,FEMENINO,SD,8/2/2020
2020-0035,8/4/2020,2020,8,4,CONDUCTOR,MOTO,MASCULINO,40,8/4/2020
2020-0036,8/7/2020,2020,8,7,PEATON,PEATON,MASCULINO,72,8/22/2020
2020-0037,8/29/2020,2020,8,29,PEATON,PEATON,MASCULINO,38,8/29/2020
2020-0038,8/30/2020,2020,8,30,CONDUCTOR,AUTO,MASCULINO,46,8/30/2020
2020-0038,8/30/2020,2020,8,30,CONDUCTOR,AUTO,MASCULINO,64,8/30/2020
2020-0039,9/1/2020,2020,9,1,PEATON,PEATON,MASCULINO,44,9/1/2020
2020-0040,9/12/2020,2020,9,12,CONDUCTOR,AUTO,MASCULINO,SD,9/12/2020
2020-0041,9/28/2020,2020,9,28,CONDUCTOR,MOTO,MASCULINO,34,9/28/2020
2020-0042,9/29/2020,2020,9,29,PEATON,PEATON,FEMENINO,53,9/29/2020
2020-0043,9/30/2020,2020,9,30,PEATON,PEATON,MASCULINO,64,9/30/2020
2020-0044,10/5/2020,2020,10,5,CONDUCTOR,AUTO,MASCULINO,43,10/5/2020
2020-0045,10/19/2020,2020,10,19,CONDUCTOR,AUTO,MASCULINO,50,10/19/2020
2020-0046,10/27/2020,2020,10,27,CONDUCTOR,MOTO,MASCULINO,41,10/27/2020
2020-0047,10/27/2020,2020,10,27,PEATON,PEATON,MASCULINO,15,10/27/2020
2020-0048,10/29/2020,2020,10,29,CONDUCTOR,MOTO,MASCULINO,41,10/29/2020
2020-0049,10/30/2020,2020,10,30,PEATON,PEATON,MASCULINO,36,10/30/2020
2020-0050,11/1/2020,2020,11,1,PEATON,PEATON,FEMENINO,28,11/1/2020
2020-0051,11/5/2020,2020,11,5,CONDUCTOR,MOTO,MASCULINO,49,11/5/2020
2020-0052,11/7/2020,2020,11,7,CICLISTA,BICICLETA,MASCULINO,44,11/7/2020
2020-0053,11/9/2020,2020,11,9,PASAJERO_ACOMPAÑANTE,AUTO,MASCULINO,27,11/9/2020
2020-0054,11/19/2020,2020,11,19,CICLISTA,BICICLETA,MASCULINO,59,11/23/2020
2020-0055,11/19/2020,2020,11,19,PEATON,PEATON,MASCULINO,91,12/11/2020
2020-0056,11/21/2020,2020,11,21,CONDUCTOR,MOTO,FEMENINO,34,11/21/2020
2020-0057,11/23/2020,2020,11,23,PEATON,PEATON,MASCULINO,84,11/23/2020
2020-0058,11/24/2020,2020,11,24,PEATON,PEATON,MASCULINO,57,11/25/2020
2020-0059,12/1/2020,2020,12,1,PEATON,PEATON,FEMENINO,49,12/14/2020
2020-0060,12/3/2020,2020,12,3,PEATON,PEATON,FEMENINO,69,12/3/2020
2020-0061,12/3/2020,2020,12,3,CONDUCTOR,MOTO,MASCULINO,45,12/4/2020
2020-0062,12/4/2020,2020,12,4,CICLISTA,BICICLETA,MASCULINO,47,12/4/2020
2020-0063,12/5/2020,2020,12,5,PEATON,PEATON,MASCULINO,38,12/5/2020
2020-0063,12/5/2020,2020,12,5,PASAJERO_ACOMPAÑANTE,MOTO,MASCULINO,21,12/5/2020
2020-0065,12/5/2020,2020,12,5,CONDUCTOR,MOTO,MASCULINO,24,12/6/2020
2020-0066,12/7/2020,2020,12,7,CONDUCTOR,MOTO,MASCULINO,27,12/7/2020
2020-0067,12/11/2020,2020,12,11,PEATON,PEATON,MASCULINO,51,12/11/2020
2020-0068,12/12/2020,2020,12,12,CONDUCTOR,MOTO,MASCULINO,71,12/20/2020
2020-0069,12/15/2020,2020,12,15,PASAJERO_ACOMPAÑANTE,MOTO,MASCULINO,25,12/15/2020
2020-0070,12/17/2020,2020,12,17,PEATON,PEATON,FEMENINO,81,12/22/2020
2020-0071,12/17/2020,2020,12,17,PEATON,PEATON,MASCULINO,4,12/17/2020
2020-0072,12/19/2020,2020,12,19,CICLISTA,BICICLETA,MASCULINO,42,12/19/2020
2020-0073,12/20/2020,2020,12,20,CONDUCTOR,MOTO,MASCULINO,56,12/20/2020
2020-0074,12/20/2020,2020,12,20,CONDUCTOR,AUTO,MASCULINO,39,12/20/2020
2020-0075,12/23/2020,2020,12,23,PEATON,PEATON,MASCULINO,23,12/23/2020
2020-0076,12/24/2020,2020,12,24,CONDUCTOR,AUTO,FEMENINO,78,1/17/2021
2020-0077,12/25/2020,2020,12,25,CONDUCTOR,MOTO,FEMENINO,30,12/25/2020
2020-0077,12/25/2020,2020,12,25,PASAJERO_ACOMPAÑANTE,MOTO,FEMENINO,24,12/25/2020
2020-0078,12/25/2020,2020,12,25,CICLISTA,BICICLETA,MASCULINO,26,12/25/2020
2020-0079,12/27/2020,2020,12,27,CONDUCTOR,MOTO,MASCULINO,28,12/27/2020
2021-0001,1/6/2021,2021,1,6,CONDUCTOR,MOTO,MASCULINO,36,1/6/2021
2021-0002,1/7/2021,2021,1,7,CONDUCTOR,MOTO,FEMENINO,47,1/7/2021
2021-0003,1/10/2021,2021,1,10,CONDUCTOR,MOTO,MASCULINO,27,1/10/2021
2021-0004,1/11/2021,2021,1,11,PEATON,PEATON,FEMENINO,61,1/11/2021
2021-0005,1/11/2021,2021,1,11,PEATON,PEATON,MASCULINO,73,1/14/2021
2021-0006,1/12/2021,2021,1,12,PASAJERO_ACOMPAÑANTE,MOTO,FEMENINO,23,1/12/2021
2021-0007,1/18/2021,2021,1,18,CONDUCTOR,MOTO,MASCULINO,84,1/26/2021
2021-0008,1/22/2021,2021,1,22,PEATON,PEATON,MASCULINO,28,1/22/2021
2021-0009,1/23/2021,2021,1,23,CONDUCTOR,MOTO,MASCULINO,31,1/23/2021
2021-0010,1/23/2021,2021,1,23,CONDUCTOR,MOTO,MASCULINO,28,1/23/2021
2021-0011,1/27/2021,2021,1,27,PEATON,PEATON,MASCULINO,21,1/27/2021
2021-0012,1/29/2021,2021,1,29,PEATON,PEATON,MASCULINO,SD,1/29/2021
2021-0013,1/31/2021,2021,1,31,CONDUCTOR,MOTO,MASCULINO,41,1/31/2021
2021-0014,2/2/2021,2021,2,2,PEATON,PEATON,MASCULINO,28,2/18/2021
2021-0015,2/6/2021,2021,2,6,CONDUCTOR,MOTO,MASCULINO,26,2/6/2021
2021-0016,2/14/2021,2021,2,14,CONDUCTOR,AUTO,MASCULINO,22,2/14/2021
2021-0017,2/17/2021,2021,2,17,CONDUCTOR,MOTO,MASCULINO,33,2/17/2021
2021-0018,2/20/2021,2021,2,20,PEATON,PEATON,MASCULINO,36,3/8/2021
2021-0019,2/21/2021,2021,2,21,CONDUCTOR,MOTO,MASCULINO,30,2/21/2021
2021-0020,2/21/2021,2021,2,21,PEATON,PEATON,FEMENINO,SD,2/21/2021
2021-0021,2/26/2021,2021,2,26,CONDUCTOR,MOTO,MASCULINO,39,3/4/2021
2021-0022,2/28/2021,2021,2,28,PASAJERO_ACOMPAÑANTE,PASAJEROS,MASCULINO,68,3/6/2021
2021-0023,3/1/2021,2021,3,1,CONDUCTOR,MOTO,MASCULINO,24,3/1/2021
2021-0024,3/3/2021,2021,3,3,CICLISTA,BICICLETA,MASCULINO,5,3/3/2021
2021-0025,3/11/2021,2021,3,11,CONDUCTOR,MOTO,MASCULINO,37,3/11/2021
2021-0026,3/15/2021,2021,3,15,CONDUCTOR,MOTO,MASCULINO,36,3/15/2021
2021-0027,3/16/2021,2021,3,16,CONDUCTOR,MOTO,FEMENINO,19,3/16/2021
2021-0028,3/29/2021,2021,3,29,PEATON,PEATON,MASCULINO,SD,3/29/2021
2021-0029,3/31/2021,2021,3,31,CONDUCTOR,AUTO,MASCULINO,26,4/2/2021
2021-0030,4/3/2021,2021,4,3,PEATON,PEATON,MASCULINO,36,4/7/2021
2021-0031,4/7/2021,2021,4,7,PEATON,PEATON,FEMENINO,68,4/11/2021
2021-0032,4/10/2021,2021,4,10,PEATON,PEATON,MASCULINO,60,4/29/2021
2021-0033,4/14/2021,2021,4,14,CONDUCTOR,AUTO,MASCULINO,33,4/14/2021
2021-0034,4/19/2021,2021,4,19,PASAJERO_ACOMPAÑANTE,MOTO,FEMENINO,26,4/19/2021
2021-0035,5/3/2021,2021,5,3,CONDUCTOR,MOTO,MASCULINO,24,5/3/2021
2021-0036,5/9/2021,2021,5,9,CONDUCTOR,MOTO,MASCULINO,36,5/9/2021
2021-0037,5/11/2021,2021,5,11,PEATON,PEATON,FEMENINO,58,5/11/2021
2021-0038,5/14/2021,2021,5,14,CONDUCTOR,MOTO,FEMENINO,44,5/14/2021
2021-0039,5/15/2021,2021,5,15,CICLISTA,BICICLETA,MASCULINO,86,6/5/2021
2021-0040,5/20/2021,2021,5,20,CONDUCTOR,MOTO,MASCULINO,27,5/20/2021
2021-0041,5/20/2021,2021,5,20,PEATON,PEATON,MASCULINO,75,5/20/2021
2021-0042,5/21/2021,2021,5,21,PEATON,PEATON,MASCULINO,39,5/21/2021
2021-0043,5/22/2021,2021,5,22,PEATON,PEATON,MASCULINO,50,5/22/2021
2021-0044,5/25/2021,2021,5,25,PASAJERO_ACOMPAÑANTE,MOTO,MASCULINO,21,5/25/2021
2021-0045,5/26/2021,2021,5,26,CONDUCTOR,MOTO,MASCULINO,22,5/26/2021
2021-0046,5/31/2021,2021,5,31,PASAJERO_ACOMPAÑANTE,AUTO,MASCULINO,20,5/31/2021
2021-0047,6/2/2021,2021,6,2,CONDUCTOR,MOTO,MASCULINO,59,6/2/2021
2021-0048,6/3/2021,2021,6,3,CICLISTA,BICICLETA,MASCULINO,44,6/23/2021
2021-0049,6/3/2021,2021,6,3,CONDUCTOR,AUTO,MASCULINO,74,6/3/2021
2021-0050,6/10/2021,2021,6,10,CONDUCTOR,MOTO,MASCULINO,56,6/10/2021
2021-0051,6/15/2021,2021,6,15,PEATON,PEATON,MASCULINO,73,6/16/2021
2021-0052,6/20/2021,2021,6,20,PASAJERO_ACOMPAÑANTE,MOTO,FEMENINO,19,6/20/2021
2021-0053,6/20/2021,2021,6,20,PEATON,PEATON,MASCULINO,58,6/30/2021
2021-0054,6/22/2021,2021,6,22,CONDUCTOR,MOTO,MASCULINO,41,6/22/2021
2021-0055,6/29/2021,2021,6,29,PASAJERO_ACOMPAÑANTE,MOTO,MASCULINO,47,6/29/2021
2021-0056,7/9/2021,2021,7,9,CICLISTA,BICICLETA,MASCULINO,60,7/9/2021
2021-0057,7/10/2021,2021,7,10,CONDUCTOR,AUTO,MASCULINO,46,7/10/2021
2021-0058,7/21/2021,2021,7,21,PEATON,PEATON,MASCULINO,24,7/21/2021
2021-0059,7/22/2021,2021,7,22,PASAJERO_ACOMPAÑANTE,AUTO,FEMENINO,44,7/22/2021
2021-0060,7/22/2021,2021,7,22,PEATON,PEATON,FEMENINO,80,7/22/2021
2021-0061,7/24/2021,2021,7,24,PEATON,PEATON,FEMENINO,55,7/24/2021
2021-0062,7/27/2021,2021,7,27,CONDUCTOR,AUTO,MASCULINO,73,7/27/2021
2021-0063,8/2/2021,2021,8,2,PASAJERO_ACOMPAÑANTE,AUTO,FEMENINO,31,8/2/2021
2021-0064,8/2/2021,2021,8,2,PEATON,PEATON,MASCULINO,37,8/3/2021
2021-0065,8/6/2021,2021,8,6,PEATON,PEATON,FEMENINO,63,8/10/2021
2021-0066,8/6/2021,2021,8,6,PEATON,PEATON,MASCULINO,59,8/9/2021
2021-0067,8/8/2021,2021,8,8,CONDUCTOR,MOTO,MASCULINO,27,8/8/2021
2021-0068,8/15/2021,2021,8,15,CONDUCTOR,MOTO,MASCULINO,39,8/15/2021
2021-0069,8/20/2021,2021,8,20,PEATON,PEATON,MASCULINO,17,8/21/2021
2021-0070,8/28/2021,2021,8,28,CONDUCTOR,MOTO,MASCULINO,31,8/28/2021
2021-0071,8/31/2021,2021,8,31,PEATON,PEATON,MASCULINO,88,9/1/2021
2021-0072,9/1/2021,2021,9,1,PEATON,PEATON,FEMENINO,57,9/1/2021
2021-0073,9/18/2021,2021,9,18,CICLISTA,BICICLETA,FEMENINO,76,9/18/2021
2021-0074,9/20/2021,2021,9,20,CONDUCTOR,MOTO,MASCULINO,55,9/20/2021
2021-0075,9/21/2021,2021,9,21,PEATON,PEATON,MASCULINO,65,9/21/2021
2021-0076,10/16/2021,2021,10,16,CONDUCTOR,MOTO,MASCULINO,31,10/16/2021
2021-0077,10/18/2021,2021,10,18,CONDUCTOR,MOTO,FEMENINO,31,10/18/2021
2021-0078,10/23/2021,2021,10,23,CONDUCTOR,MOTO,MASCULINO,22,10/23/2021
2021-0079,10/25/2021,2021,10,25,PEATON,PEATON,MASCULINO,SD,10/25/2021
2021-0080,10/28/2021,2021,10,28,CONDUCTOR,MOTO,MASCULINO,32,10/28/2021
2021-0081,11/2/2021,2021,11,2,CONDUCTOR,MOTO,MASCULINO,26,11/2/2021
2021-0082,11/6/2021,2021,11,6,CONDUCTOR,MOTO,MASCULINO,38,11/6/2021
2021-0083,11/9/2021,2021,11,9,CONDUCTOR,MOTO,MASCULINO,30,11/9/2021
2021-0084,11/11/2021,2021,11,11,CONDUCTOR,AUTO,MASCULINO,32,11/11/2021
2021-0097,11/18/2021,2021,11,18,CICLISTA,BICICLETA,MASCULINO,53,11/19/2021
2021-0085,11/20/2021,2021,11,20,CONDUCTOR,MOTO,MASCULINO,49,11/20/2021
2021-0086,11/25/2021,2021,11,25,PEATON,PEATON,MASCULINO,75,11/25/2021
2021-0087,11/27/2021,2021,11,27,PEATON,PEATON,FEMENINO,73,11/27/2021
2021-0088,12/1/2021,2021,12,1,CONDUCTOR,MOTO,MASCULINO,45,12/7/2021
2021-0089,12/2/2021,2021,12,2,CONDUCTOR,MOTO,MASCULINO,41,12/11/2021
2021-0090,12/10/2021,2021,12,10,PEATON,PEATON,MASCULINO,73,1/3/2022
2021-0091,12/11/2021,2021,12,11,CONDUCTOR,MOTO,MASCULINO,24,12/11/2021
2021-0092,12/12/2021,2021,12,12,PEATON,PEATON,FEMENINO,50,12/12/2021
2021-0093,12/13/2021,2021,12,13,PASAJERO_ACOMPAÑANTE,MOTO,FEMENINO,18,12/18/2021
2021-0094,12/20/2021,2021,12,20,PASAJERO_ACOMPAÑANTE,MOTO,FEMENINO,43,12/20/2021
2021-0095,12/30/2021,2021,12,30,CONDUCTOR,MOTO,MASCULINO,27,1/2/2022
2021-0096,12/15/2021,2021,12,15,CONDUCTOR,AUTO,MASCULINO,60,12/20/2021